{"stat.useItem.minecraft.anvil":1,"stat.useItem.minecraft.glass_pane":4,"stat.crouchOneCm":94838,"stat.useItem.minecraft.chest":1,"stat.killEntity.Sheep":3,"achievement.exploreAllBiomes":{"value":0,"progress":["Desert"]},"stat.useItem.minecraft.stone_button":2,"stat.useItem.minecraft.redstone_block":731,"stat.useItem.minecraft.quartz_block":9,"stat.useItem.minecraft.command_block":802,"achievement.openInventory":659,"stat.damageDealt":18430,"stat.useItem.minecraft.fence":63,"stat.useItem.minecraft.stained_hardened_clay":825,"stat.fallOneCm":7350,"stat.flyOneCm":3673971,"stat.useItem.minecraft.stone":850,"stat.damageTaken":-2147481262,"stat.useItem.minecraft.diamond_sword":34,"stat.useItem.minecraft.dispenser":3,"stat.useItem.minecraft.wooden_pressure_plate":1,"stat.useItem.minecraft.flint_and_steel":1,"stat.useItem.minecraft.redstone_lamp":3,"stat.useItem.minecraft.stone_sword":26,"stat.useItem.minecraft.potion":1,"stat.useItem.minecraft.redstone":211,"stat.drop":43,"stat.useItem.minecraft.hopper":6,"stat.useItem.minecraft.repeater":303,"stat.useItem.minecraft.stone_pressure_plate":2,"stat.leaveGame":268,"stat.useItem.minecraft.comparator":156,"stat.useItem.minecraft.glowstone":82,"stat.useItem.minecraft.cooked_beef":1,"stat.killEntity.Slime":1108,"stat.useItem.minecraft.barrier":13,"stat.timeSinceDeath":15018,"stat.playOneMinute":870465,"stat.useItem.minecraft.redstone_torch":18,"stat.useItem.minecraft.wool":6,"stat.entityKilledBy.Skeleton":5,"stat.deaths":6,"stat.jump":2307,"stat.mobKills":1148,"stat.killEntity.Skeleton":28,"stat.useItem.minecraft.spawn_egg":6,"stat.walkOneCm":1733774,"stat.killEntity.Zombie":5,"stat.useItem.minecraft.sandstone":59,"stat.useItem.minecraft.sign":58,"stat.useItem.minecraft.sea_lantern":15,"stat.useItem.minecraft.iron_sword":22,"stat.sprintOneCm":278721}